patient,run,t_Area_Net,t_Area_Net_unc,t_Area_Hull,t_Area_Hull_unc,t_Solidity,t_Solidity_unc,t_Distance,t_Distance_unc,t_Compact,t_Compact_unc,t_Angle,t_Angle_unc,qrs_Area_Net,qrs_Area_Net_unc,qrs_Area_Hull,qrs_Area_Hull_unc,qrs_Solidity,qrs_Solidity_unc,qrs_Distance,qrs_Distance_unc,qrs_Compact,qrs_Compact_unc,qrs_Angle,qrs_Angle_unc,st_Area_Net,st_Area_Net_unc,st_Area_Hull,st_Area_Hull_unc,st_Solidity,st_Solidity_unc,st_Distance,st_Distance_unc,st_Compact,st_Compact_unc,st_Angle,st_Angle_unc
P002,S00,1.7042431283562416,1.1310356250894822,7.290293367812998,1.0835006224892372,0.2405902564316963,0.1732596300407866,16.270133167111776,1.3002833246612078,0.0194033882763005,0.0131674155258548,132.0831921710008,1.1205106285262303,1.9362396678786675,1.597812378897114,2.543277034450305,1.9968012599403135,0.6923387565400089,0.2409691360318344,6.320753815338304,1.924301113924516,0.0494581567810747,0.0292479835033896,79.5313396421211,63.17825066411165,5.328383067601785,2.147172923828488,6.516996129142373,3.1386255690338434,0.8507711565727267,0.1355797780252472,9.2741066158272,5.6665431785956315,0.076421296162504,0.0267632532220465,-43.153284928786555,0.5960838446532357
P004,S02,4.829218697442064,2.57390083829919,7.731414769122076,2.1594331126015938,0.578331510655715,0.2225233721864767,10.5674148624659,1.5330105749450444,0.0781965333979435,0.0315024760546439,124.10037357773936,6.261234121203025,7.557955559808476,2.3526699582341344,8.455124137124379,2.5764311087758625,0.8954289272697443,0.0843880485250452,6.886746168412657,1.4235514390017536,0.1497827749935299,0.0270473569822369,85.49349715477734,87.94956401810605,2.7750059922313364,1.5831271397674933,6.887387570697668,2.2215569175462826,0.4502053921666968,0.2449481606095147,1.548735946352782,1.930176077675609,0.1575877998380743,0.1118229374102485,-64.93164779272685,11.637253274962218
P005,S00,7.920076080196858,1.7540389519084325,27.153092094774735,2.5814888219147383,0.2932186360328707,0.0654796425661091,15.787589769543157,0.9170509242228518,0.0862833361455951,0.0224039536428033,-57.37864718418847,13.143905703514369,24.130245000155448,12.354955628832291,50.86444469205948,19.049884398603854,0.4876295748337141,0.2088041000912008,25.20695519916545,5.007214556481365,0.1039436279185931,0.0525456857236795,-48.73226221078448,3.778748610536872,10.406179634886833,9.34653040844902,13.789490723486276,11.892612393113415,0.7083465562284686,0.1563837648184139,8.616751280559805,3.936650550697457,0.2132970419634131,0.0839070552717201,129.6194951387164,6.1763295156083595
P007,S01,38.52486152245358,8.86081458697641,50.26913596322598,9.717912494536552,0.7579844636565483,0.0443194817837328,21.178825922682833,2.780117283550437,0.195471551267646,0.0317727633804978,-41.5426909836624,2.995811657712713,27.548822229003136,4.118926015983803,39.01798748521191,3.2781518921009996,0.7122876807152096,0.1268443943303449,35.07431459644409,3.802312777981613,0.0624458184578009,0.0129344916549725,-42.41634736220061,0.5796877507149708,2.605839158655753,3.7995522253418166,4.295078774332419,4.653438079414812,0.4510486860398551,0.213890279966302,4.159132662022875,2.851016691957037,0.1190627501518344,0.0608698689233839,134.7963571560828,1.1400265534782732
P008,S01,14.400421106676893,4.111975481556069,34.666374238242504,3.5442909029445144,0.4237532849974441,0.1486593834430438,17.845586470915638,0.9526558845276925,0.1191329923445671,0.0437474262442781,135.62378718291853,0.7561978445414816,23.369792941058694,8.075456611690749,40.41712531449973,20.843978554279445,0.6328239560011876,0.2216803346769094,19.407057182062452,2.312180431688288,0.1069612545618017,0.0401794212978096,123.49041559878754,3.5965279027228036,6.487707795707745,2.845425277011018,17.973411106289035,16.051453774148214,0.5677685454028397,0.2893974720165134,4.33929780695975,4.345471345042407,0.2042469706483111,0.1176263950733314,-55.94319518042886,1.816129887501721
P009,S01,3.8729615219906135,0.6560734850269162,5.9600994265373455,1.0629944876991806,0.6689672137749709,0.1386486827919043,2.820756203635682,1.978031678014176,0.1695366110051366,0.0734890472461108,107.59005254608364,13.042907525168602,1.065543062337243,0.4213026903500214,1.2441614014428477,0.5329850528514687,0.8985496413213011,0.2602658250437769,0.7355565055276435,0.4541574269293702,0.3221188247611486,0.1129933944927702,-39.192327227744165,4.800431106151348,8.009073591179375,1.4362344934492222,9.806114546961638,1.448903024931864,0.8194517647013164,0.0993859848536874,5.598127771450961,0.7151600690859257,0.1629044370242613,0.0444872229545889,87.39387607231686,125.087366556988
P010,S01,13.647172462448824,10.167938538963938,81.36780199877009,18.454839202044084,0.2100022458704379,0.2010401179194763,25.02581015374195,0.6597775012974694,0.0438539859407956,0.0418382828399375,-45.035936009886925,3.152092663398401,5.1640476515411455,1.6070969841130411,15.632711990658697,5.947819529316669,0.3733142068213961,0.1568836085556031,42.08026337886624,0.9618263459629616,0.008427754385057,0.0026555871193556,-46.36234823702765,0.3735374651408044,8.98223550795755,13.481352674971362,23.522779846827735,20.92041550986685,0.2818711863140933,0.1905157836903885,5.7526868462816765,3.474823872422543,0.115152737123158,0.0798290239128079,136.1347659424288,4.829135315660425
P011,S01,32.39882225002887,13.938802558088929,51.71608485802053,12.944301905106595,0.6079597605070589,0.2057584682524842,15.628693750897744,1.877099831019481,0.2387117303628489,0.099216457249156,121.56608294292047,6.601835779152211,7.389160503477103,5.521868120302609,15.109482333037386,6.88935501276999,0.4118416279338137,0.2084724337938836,7.334190441226096,0.8256031491782613,0.1859725663864048,0.103729002591683,118.43068961116413,10.48086364680978,18.604786532305496,8.830494904885384,27.701993638234185,9.244884747989593,0.6445912290933975,0.1454972372154972,8.12788507364828,1.7680913569085484,0.386478258551567,0.1201176910764517,-44.86884165698699,9.686317772385202
P012,S01,15.580101483701752,5.475956954378067,45.12630320086609,9.659311337264286,0.3452929458122081,0.1112693317705994,34.986652597843694,2.110292756088635,0.0371844527760784,0.0118418509754466,137.41808261699126,0.6666284408303829,20.12536821657459,5.603806250092172,41.17624924405307,14.578435318552916,0.5407484395655741,0.2056393222043665,25.46328653800762,4.645292421687304,0.0509930272032694,0.0180963943839979,94.37835900181548,109.8969699925154,4.227442837319105,6.803852684615559,14.516548245205035,10.982617424748137,0.245836120933425,0.2099825906145358,2.9194321427700625,4.34581652946554,0.083547520373722,0.0796455067313085,-49.25331744491496,1.681588088903523
P013,S01,0.0763826803075371,0.0102725479976865,0.0871632575753777,0.0171018228560767,0.8911642419061212,0.0977824243243754,1.095113484232627,1.006588029087927,0.0119848121317882,0.0037947872968362,-38.825352296157,29.448113715779897,3.4590494254323674,0.3415649031298611,3.636956618847059,0.3832251887231058,0.9521227679760078,0.0218151700322164,19.09959516456517,1.2080479269662343,0.0237911281372077,0.0022439811861076,-45.3758336443744,0.8234967610117717,0.2188451942219996,0.1465526587089989,0.2421535930474896,0.1662081117049201,0.9174422224042588,0.0682410249145359,0.9176880072653714,1.6311243889553364,0.0134943879379931,0.0050359779533893,111.35508925476722,59.32966987204682
P015,S01,10.683420004464963,1.9690638517619696,14.854497579862237,3.989085256319163,0.773681638088716,0.2210587611395261,10.362927696274964,2.533690506745746,0.2224796261381077,0.119853501265904,-48.91034466439618,0.7006086798186993,7.679989909900555,6.739900024206995,25.066881733270066,18.986344775122355,0.3220984152584187,0.1637442717801139,12.167204186716368,4.483895821192191,0.034738730715327,0.0235497602877949,-28.894537545838126,35.105179298714816,26.226435956797467,13.30719164049972,33.91459534642149,13.38647105855951,0.715754117124248,0.2005888212300327,2.7872249243857765,4.097695990239142,0.2925348708325919,0.1336055959432306,124.9868965939449,3.3044143893010443
P016,S01,12.534219698208227,3.422274005558211,17.156550067658312,3.184503541358101,0.7548138025946475,0.204823244168357,11.32540839893471,2.7691057485462465,0.1315622071706378,0.0523337351310099,-47.41095124073985,1.3789356235920671,13.710107881748822,6.141535527090245,42.03702835906486,9.852831468786064,0.3586806483416296,0.177888940523469,19.68627451749019,2.672682748101532,0.0394403614986774,0.0194042618598517,-8.534597201536904,123.6929894132921,19.057687555508544,9.194399566242186,33.4497616210026,10.9390602739906,0.5471632985619455,0.225528705805579,0.9200794812740618,2.1017705020160364,0.1749186685390249,0.0951206505373179,128.8077872061787,5.574805116252149
P017,S01,4.093796655357136,1.807641049713749,10.77470327804162,4.247138370801468,0.3884573403377096,0.1155435708429067,25.61390656384145,5.214328409625842,0.0184799667541006,0.0091461541847677,-45.83738466450742,0.3053747315481352,13.508787428766864,11.887132405513864,74.32814735373083,19.34116710658021,0.1900916408432263,0.1663425451450537,48.08288921258509,2.8953637239142114,0.0144171323460112,0.0126601787451662,-43.55998605555273,1.347345701655885,6.601755845429465,2.224724441147942,11.816380273840112,7.087432448884478,0.661004960550388,0.2031862612585951,11.714087358236926,7.393478132254469,0.1350449750472107,0.0771663466155554,132.27094866270215,0.5922202036831345
P022,S01,0.7325743022096327,0.5776683571804145,4.2201941897902255,1.0564389767391202,0.158679321131989,0.0982540996769178,6.93437915086681,1.759192807763002,0.0135269875775935,0.0091215389411635,-46.02293903524337,1.101349377594118,1.7806569080801895,0.5395947561221737,4.159793820805483,1.1996258908837611,0.4833485007037626,0.2593066325847167,12.197063877159396,2.2711260934577524,0.0349802795414658,0.0170951202585116,-44.71893419365807,0.2176922261436074,0.6774173890352799,0.3083596719808299,2.2478279127188445,0.9876959030181364,0.3360689157974975,0.1831211020924537,3.0524939240764684,1.666638565700531,0.0797815858994516,0.0693274468089257,138.8604264306548,0.8504273955594145
P024,S01,3.0243634700010373,0.7497421570848758,4.481724769470864,0.7998537423886454,0.6968869037778748,0.2154511108651915,10.679134243730346,0.7455155564551893,0.0840493345390539,0.0272222776363718,-56.42461597148535,1.4358515665782827,42.13366771046234,9.285182398640355,49.16970285125628,11.74311796392478,0.8680301579966049,0.0713023836380422,34.38955589294787,6.421133643105493,0.0979537084044492,0.0141064972998953,-46.69373762573046,0.5088210412993933,0.4759571313479006,0.9254334802307754,1.292761326319766,1.687185269019145,0.3959604402003372,0.2526050198757089,3.582631707777817,2.388226075747627,0.0482419220133076,0.0484739222994992,127.14991832518314,3.5368042700278868
P027,S01,1.4067027029183634,0.1674375282764356,2.0915815758863947,0.1835049881372391,0.6797188174922664,0.1127816773156568,6.728249378113892,0.4211289482033168,0.080455223985835,0.0111386989637341,-43.01044184308882,1.3280199598472568,0.5154827557583513,0.1276228401951815,2.9091208119774996,0.2020257527047278,0.1809026135283813,0.0641213990559152,12.203306755038687,0.9109273686854852,0.008591583495034,0.0028563227166818,-44.67757929232012,0.4050486563137939,0.2777905684391861,0.1696794710178826,0.5809673704402772,0.2138383062019935,0.5017643773080269,0.2704959501544348,1.210775860942911,0.6204360052241465,0.1503380519043474,0.1028815633460478,136.3359428151108,1.821624553212821
P028,S01,0.6212656749259707,0.2250287417423302,1.7207491843083031,0.4391377800837562,0.352016729931851,0.065132827178366,3.375841353283519,0.4769010283136303,0.0896934503057624,0.0265027615631585,128.9595104339104,1.3210381868951442,0.4348845124750276,0.2857938074856727,1.181201534760999,0.3709371820551568,0.3565372245857887,0.1940547186648132,2.501373622007706,0.526397614400186,0.1232316761232403,0.0777810302407254,-30.830068079508973,12.147659893749193,0.243493124696257,0.2615282306663851,0.4950169714417327,0.2921136507665465,0.4844045430984297,0.333388110312604,0.3421835578809987,0.3352272708285063,0.2465660481904028,0.2282778181905173,-58.55156230762178,2.9733790789347836
P033,S01,1.994237499107979,0.6792701705336306,4.630616365784332,1.0499262002555474,0.428127704456067,0.10014426600311722,10.42223296227324,1.0544277345852378,0.05306335832910105,0.01423707450538769,-43.05332160276391,1.2730499831345876,11.317800883485715,2.2439687684128704,12.660878088324564,2.8094291459858014,0.9017396132607126,0.05588945339343393,17.878010197165235,2.2136722727322247,0.0757175199969052,0.011847190161629469,-48.67567990126862,1.1970888944253717,1.1976677151529815,0.46916644637255017,2.3161474683610646,1.5158905023320592,0.6300486494032397,0.28319202375719943,1.3509613704786594,1.5342852714972348,0.23152688985303285,0.21117206083924736,131.81095514559306,0.9618647192348269
